Sale_ID,Order_ID,Item_ID,Quantity
SALE_001,ORD_001,CT_020,2
SALE_002,ORD_002,YR_001,9
SALE_003,ORD_003,VY_025,7
SALE_004,ORD_004,VY_014,5
SALE_004,ORD_005,CT_030,10
SALE_005,ORD_006,PT_021,1
SALE_006,ORD_007,CT_033,6
SALE_006,ORD_008,YR_005,6
SALE_007,ORD_009,CT_030,8
SALE_007,ORD_010,CT_004,10
SALE_007,ORD_011,CT_008,7
SALE_008,ORD_012,CT_025,6
SALE_008,ORD_013,VY_024,6
SALE_009,ORD_014,VY_001,6
SALE_010,ORD_015,PT_005,6
SALE_011,ORD_016,VY_002,5
SALE_012,ORD_017,CT_005,5
SALE_013,ORD_018,VY_023,5
SALE_013,ORD_019,CT_037,9
SALE_013,ORD_020,VY_006,10
SALE_014,ORD_021,YR_002,6
SALE_014,ORD_022,YR_006,6
SALE_015,ORD_023,VY_007,6
SALE_016,ORD_024,PT_011,4
SALE_017,ORD_025,CT_015,1
SALE_017,ORD_026,CT_026,10
SALE_018,ORD_027,CT_009,1
SALE_018,ORD_028,PT_029,10
SALE_018,ORD_029,YR_013,4
SALE_019,ORD_030,PT_009,1
SALE_020,ORD_031,YR_003,1
SALE_020,ORD_032,YR_003,2
SALE_021,ORD_033,VY_016,7
SALE_021,ORD_034,CT_037,5
SALE_021,ORD_035,VY_008,9
SALE_022,ORD_036,PT_022,4
SALE_022,ORD_037,PT_030,10
SALE_023,ORD_038,YR_018,9
SALE_024,ORD_039,PT_018,5
SALE_025,ORD_040,YR_007,4
SALE_026,ORD_041,CT_022,9
SALE_027,ORD_042,CT_013,3
SALE_028,ORD_043,PT_021,9
SALE_029,ORD_044,VY_015,4
SALE_030,ORD_045,YR_011,3
SALE_030,ORD_046,PT_007,6
SALE_030,ORD_047,CT_001,7
SALE_030,ORD_048,CT_033,10
SALE_031,ORD_049,CT_018,2
SALE_031,ORD_050,CT_009,9
SALE_032,ORD_051,CT_026,4
SALE_033,ORD_052,YR_014,6
SALE_034,ORD_053,PT_028,9
SALE_034,ORD_054,CT_032,9
SALE_035,ORD_055,PT_010,5
SALE_035,ORD_056,VY_022,4
SALE_036,ORD_057,VY_004,1
SALE_037,ORD_058,CT_024,3
SALE_037,ORD_059,CT_018,7
SALE_037,ORD_060,CT_019,1
SALE_038,ORD_061,VY_006,8
SALE_039,ORD_062,CT_027,9
SALE_040,ORD_063,VY_002,10
SALE_041,ORD_064,PT_001,1
SALE_041,ORD_065,CT_035,6
SALE_041,ORD_066,VY_020,8
SALE_042,ORD_067,YR_005,2
SALE_042,ORD_068,CT_027,2
SALE_043,ORD_069,CT_032,9
SALE_043,ORD_070,PT_030,10
SALE_043,ORD_071,PT_027,8
SALE_043,ORD_072,CT_010,1
SALE_044,ORD_073,YR_007,1
SALE_045,ORD_074,CT_029,5
SALE_045,ORD_075,CT_027,5
SALE_045,ORD_076,CT_020,6
SALE_046,ORD_077,PT_018,3
SALE_047,ORD_078,CT_020,1
SALE_048,ORD_079,CT_008,8
SALE_048,ORD_080,CT_011,7
SALE_049,ORD_081,PT_022,3
SALE_050,ORD_082,VY_021,7
SALE_050,ORD_083,PT_027,8
SALE_051,ORD_084,PT_018,3
SALE_051,ORD_085,YR_015,10
SALE_052,ORD_086,VY_012,2
SALE_052,ORD_087,CT_001,1
SALE_052,ORD_088,PT_007,6
SALE_052,ORD_089,CT_013,8
SALE_052,ORD_090,CT_029,5
SALE_053,ORD_091,YR_018,9
SALE_054,ORD_092,VY_014,2
SALE_055,ORD_093,CT_018,1
SALE_056,ORD_094,CT_011,9
SALE_057,ORD_095,CT_028,5
SALE_057,ORD_096,VY_006,4
SALE_058,ORD_097,YR_006,9
SALE_058,ORD_098,PT_016,4
SALE_058,ORD_099,VY_003,2
SALE_059,ORD_100,VY_021,4
SALE_060,ORD_101,PT_031,5
SALE_061,ORD_102,VY_018,10
SALE_062,ORD_103,PT_016,9
SALE_062,ORD_104,VY_027,10
SALE_062,ORD_105,PT_016,9
SALE_063,ORD_106,CT_033,7
SALE_064,ORD_107,CT_036,10
SALE_064,ORD_108,VY_011,9
SALE_065,ORD_109,PT_008,7
SALE_066,ORD_110,VY_009,7
SALE_066,ORD_111,CT_011,7
SALE_066,ORD_112,CT_011,8
SALE_067,ORD_113,CT_012,7
SALE_067,ORD_114,VY_014,5
SALE_068,ORD_115,CT_025,2
SALE_069,ORD_116,CT_007,3
SALE_070,ORD_117,PT_013,5
SALE_071,ORD_118,CT_031,8
SALE_071,ORD_119,VY_019,3
SALE_071,ORD_120,VY_007,2
SALE_072,ORD_121,PT_023,2
SALE_072,ORD_122,PT_023,10
SALE_073,ORD_123,CT_032,2
SALE_074,ORD_124,CT_033,2
SALE_074,ORD_125,VY_019,7
SALE_074,ORD_126,CT_025,2
SALE_075,ORD_127,CT_022,10
SALE_075,ORD_128,VY_023,10
SALE_075,ORD_129,PT_015,9
SALE_076,ORD_130,VY_015,6
SALE_077,ORD_131,YR_008,7
SALE_078,ORD_132,CT_002,10
SALE_078,ORD_133,CT_014,5
SALE_078,ORD_134,CT_027,3
SALE_079,ORD_135,VY_021,5
SALE_080,ORD_136,VY_008,3
SALE_081,ORD_137,CT_013,7
SALE_082,ORD_138,CT_026,7
SALE_083,ORD_139,VY_024,8
SALE_084,ORD_140,VY_013,9
SALE_085,ORD_141,PT_019,8
SALE_086,ORD_142,PT_008,3
SALE_086,ORD_143,YR_001,7
SALE_087,ORD_144,CT_012,10
SALE_088,ORD_145,PT_021,6
SALE_089,ORD_146,PT_011,8
SALE_090,ORD_147,VY_018,2
SALE_090,ORD_148,CT_032,7
SALE_090,ORD_149,CT_016,7
SALE_091,ORD_150,YR_004,2
SALE_092,ORD_151,VY_013,9
SALE_092,ORD_152,PT_003,6
SALE_092,ORD_153,PT_014,5
SALE_092,ORD_154,CT_025,9
SALE_093,ORD_155,PT_004,10
SALE_093,ORD_156,PT_021,1
SALE_093,ORD_157,PT_009,5
SALE_094,ORD_158,CT_009,10
SALE_095,ORD_159,YR_007,4
SALE_096,ORD_160,VY_024,6
SALE_097,ORD_161,CT_001,10
SALE_098,ORD_162,CT_005,7
SALE_099,ORD_163,VY_018,9
SALE_099,ORD_164,CT_010,9
SALE_100,ORD_165,CT_003,4
SALE_101,ORD_166,VY_005,6
SALE_102,ORD_167,PT_023,7
SALE_102,ORD_168,CT_031,7
SALE_103,ORD_169,YR_018,10
SALE_103,ORD_170,PT_026,4
SALE_104,ORD_171,PT_009,8
SALE_104,ORD_172,CT_004,1
SALE_105,ORD_173,YR_014,9
SALE_105,ORD_174,PT_023,10
SALE_106,ORD_175,PT_027,9
SALE_106,ORD_176,CT_028,1
SALE_107,ORD_177,CT_028,6
SALE_107,ORD_178,CT_028,6
SALE_108,ORD_179,YR_008,5
SALE_108,ORD_180,CT_033,10
SALE_108,ORD_181,CT_014,3
SALE_109,ORD_182,CT_016,10
SALE_109,ORD_183,CT_030,8
SALE_109,ORD_184,CT_026,6
SALE_110,ORD_185,CT_020,7
SALE_111,ORD_186,CT_026,4
SALE_112,ORD_187,PT_024,1
SALE_112,ORD_188,CT_027,9
SALE_113,ORD_189,PT_008,9
SALE_113,ORD_190,PT_022,1
SALE_114,ORD_191,YR_017,9
SALE_115,ORD_192,CT_009,2
SALE_116,ORD_193,VY_016,2
SALE_116,ORD_194,PT_020,2
SALE_117,ORD_195,YR_006,7
SALE_118,ORD_196,CT_032,10
SALE_118,ORD_197,PT_016,7
SALE_119,ORD_198,PT_004,7
SALE_120,ORD_199,PT_029,8
SALE_121,ORD_200,YR_015,9
SALE_121,ORD_201,VY_001,7
SALE_122,ORD_202,PT_030,8
SALE_122,ORD_203,VY_003,10
SALE_122,ORD_204,VY_001,9
SALE_123,ORD_205,CT_015,7
SALE_124,ORD_206,PT_017,6
SALE_125,ORD_207,CT_003,7
SALE_125,ORD_208,VY_018,10
SALE_125,ORD_209,CT_007,3
SALE_126,ORD_210,CT_004,2
SALE_126,ORD_211,VY_002,8
SALE_127,ORD_212,PT_022,5
SALE_128,ORD_213,PT_020,10
SALE_128,ORD_214,CT_034,7
SALE_128,ORD_215,CT_024,5
SALE_129,ORD_216,YR_009,4
SALE_130,ORD_217,PT_003,10
SALE_130,ORD_218,VY_018,8
SALE_130,ORD_219,PT_004,7
SALE_131,ORD_220,VY_009,4
SALE_131,ORD_221,CT_031,5
SALE_131,ORD_222,CT_015,8
SALE_132,ORD_223,PT_024,7
SALE_133,ORD_224,VY_007,3
SALE_133,ORD_225,PT_018,5
SALE_134,ORD_226,CT_024,9
SALE_134,ORD_227,PT_003,7
SALE_134,ORD_228,PT_001,7
SALE_135,ORD_229,YR_003,9
SALE_136,ORD_230,PT_001,10
SALE_137,ORD_231,YR_003,7
SALE_138,ORD_232,VY_006,6
SALE_139,ORD_233,YR_011,10
SALE_139,ORD_234,CT_006,1
SALE_140,ORD_235,CT_015,6
SALE_141,ORD_236,PT_004,3
SALE_141,ORD_237,VY_005,10
SALE_141,ORD_238,CT_003,4
SALE_142,ORD_239,CT_010,3
SALE_143,ORD_240,VY_001,2
SALE_144,ORD_241,YR_003,3
SALE_144,ORD_242,VY_012,9
SALE_145,ORD_243,PT_018,10
SALE_146,ORD_244,YR_011,8
SALE_147,ORD_245,YR_010,7
SALE_148,ORD_246,VY_021,5
SALE_149,ORD_247,CT_034,10
SALE_150,ORD_248,PT_030,6
SALE_151,ORD_249,CT_021,8
SALE_152,ORD_250,VY_019,10
SALE_152,ORD_251,CT_036,2
SALE_153,ORD_252,YR_008,9
SALE_153,ORD_253,VY_026,2
SALE_153,ORD_254,PT_017,8
SALE_154,ORD_255,PT_026,4
SALE_155,ORD_256,PT_014,5
SALE_155,ORD_257,YR_005,10
SALE_156,ORD_258,PT_031,7
SALE_156,ORD_259,CT_036,1
SALE_157,ORD_260,PT_007,8
SALE_158,ORD_261,VY_006,3
SALE_159,ORD_262,YR_019,3
SALE_159,ORD_263,PT_030,2
SALE_160,ORD_264,VY_024,4
SALE_161,ORD_265,CT_035,6
SALE_162,ORD_266,CT_029,6
SALE_162,ORD_267,CT_003,3
SALE_163,ORD_268,YR_019,6
SALE_164,ORD_269,CT_030,10
SALE_165,ORD_270,PT_025,8
SALE_166,ORD_271,CT_035,9
SALE_167,ORD_272,VY_003,3
SALE_167,ORD_273,VY_017,10
SALE_168,ORD_274,CT_010,8
SALE_169,ORD_275,YR_005,2
SALE_170,ORD_276,YR_005,7
SALE_171,ORD_277,VY_022,10
SALE_172,ORD_278,YR_009,1
SALE_173,ORD_279,CT_004,5
SALE_173,ORD_280,PT_010,3
SALE_173,ORD_281,CT_009,8
SALE_174,ORD_282,CT_019,3
SALE_174,ORD_283,CT_021,9
SALE_175,ORD_284,VY_012,1
SALE_176,ORD_285,CT_018,4
SALE_177,ORD_286,CT_022,4
SALE_177,ORD_287,YR_010,7
SALE_178,ORD_288,CT_037,5
SALE_178,ORD_289,VY_024,1
SALE_179,ORD_290,VY_015,6
SALE_180,ORD_291,PT_008,5
SALE_180,ORD_292,CT_013,4
SALE_181,ORD_293,PT_015,5
SALE_181,ORD_294,PT_011,10
SALE_182,ORD_295,PT_022,3
SALE_183,ORD_296,YR_013,9
SALE_184,ORD_297,VY_019,4
SALE_185,ORD_298,VY_018,7
SALE_186,ORD_299,PT_020,1
SALE_187,ORD_300,CT_037,8
SALE_188,ORD_301,CT_001,9
SALE_189,ORD_302,VY_003,6
SALE_189,ORD_303,VY_012,3
SALE_190,ORD_304,VY_009,8
SALE_190,ORD_305,PT_026,8
SALE_190,ORD_306,CT_037,9
SALE_191,ORD_307,PT_025,6
SALE_192,ORD_308,PT_029,9
SALE_192,ORD_309,CT_005,5
SALE_193,ORD_310,CT_023,5
SALE_194,ORD_311,VY_004,1
SALE_194,ORD_312,VY_017,8
SALE_195,ORD_313,VY_012,6
SALE_195,ORD_314,PT_005,2
SALE_196,ORD_315,VY_002,10
SALE_196,ORD_316,CT_037,1
SALE_197,ORD_317,PT_001,6
SALE_198,ORD_318,VY_021,8
SALE_199,ORD_319,VY_005,4
SALE_200,ORD_320,CT_024,4
SALE_200,ORD_321,PT_007,10
SALE_201,ORD_322,YR_007,9
SALE_202,ORD_323,PT_013,8
SALE_202,ORD_324,PT_005,3
SALE_202,ORD_325,CT_004,7
SALE_203,ORD_326,VY_012,8
SALE_204,ORD_327,CT_037,10
SALE_205,ORD_328,PT_017,5
SALE_206,ORD_329,PT_013,7
SALE_207,ORD_330,YR_002,8
SALE_208,ORD_331,VY_022,6
SALE_209,ORD_332,VY_015,2
SALE_210,ORD_333,CT_019,9
SALE_211,ORD_334,VY_015,10
SALE_212,ORD_335,CT_037,7
SALE_213,ORD_336,YR_019,6
SALE_213,ORD_337,VY_006,3
SALE_214,ORD_338,VY_007,7
SALE_215,ORD_339,YR_018,7
SALE_216,ORD_340,PT_011,2
SALE_216,ORD_341,PT_001,5
SALE_216,ORD_342,VY_003,6
SALE_217,ORD_343,YR_002,7
SALE_218,ORD_344,PT_010,1
SALE_218,ORD_345,CT_025,7
SALE_219,ORD_346,CT_004,3
SALE_219,ORD_347,VY_017,3
SALE_220,ORD_348,VY_010,2
SALE_220,ORD_349,PT_001,4
SALE_221,ORD_350,CT_009,10
SALE_221,ORD_351,CT_003,8
SALE_222,ORD_352,CT_033,7
SALE_223,ORD_353,VY_023,4
SALE_224,ORD_354,CT_017,10
SALE_225,ORD_355,PT_023,1
SALE_225,ORD_356,VY_027,9
SALE_226,ORD_357,YR_016,10
SALE_227,ORD_358,PT_011,8
SALE_227,ORD_359,PT_031,4
SALE_227,ORD_360,VY_011,7
SALE_228,ORD_361,VY_007,4
SALE_229,ORD_362,PT_001,1
SALE_230,ORD_363,PT_014,3
SALE_230,ORD_364,VY_005,8
SALE_230,ORD_365,VY_026,2
SALE_231,ORD_366,VY_016,10
SALE_232,ORD_367,PT_028,10
SALE_233,ORD_368,VY_017,8
SALE_233,ORD_369,PT_031,6
SALE_233,ORD_370,VY_020,3
SALE_234,ORD_371,PT_025,2
SALE_235,ORD_372,PT_013,1
SALE_236,ORD_373,CT_005,9
SALE_236,ORD_374,CT_021,9
SALE_237,ORD_375,CT_020,2
SALE_238,ORD_376,PT_006,2
SALE_239,ORD_377,YR_008,8
SALE_240,ORD_378,VY_013,3
SALE_241,ORD_379,VY_019,6
SALE_242,ORD_380,VY_014,10
SALE_243,ORD_381,CT_023,8
SALE_243,ORD_382,CT_020,1
SALE_244,ORD_383,VY_012,3
SALE_244,ORD_384,YR_001,4
SALE_245,ORD_385,PT_011,1
SALE_246,ORD_386,CT_019,7
SALE_246,ORD_387,VY_011,2
SALE_247,ORD_388,PT_005,10
SALE_247,ORD_389,CT_026,10
SALE_247,ORD_390,CT_024,7
SALE_248,ORD_391,YR_002,1
SALE_249,ORD_392,CT_014,4
SALE_249,ORD_393,CT_022,1
SALE_249,ORD_394,CT_024,4
SALE_250,ORD_395,VY_023,5
SALE_250,ORD_396,CT_005,9
SALE_250,ORD_397,CT_015,4
SALE_250,ORD_398,CT_018,10
SALE_251,ORD_399,YR_001,2
SALE_252,ORD_400,YR_007,1
SALE_252,ORD_401,PT_009,6
SALE_252,ORD_402,YR_008,8
SALE_253,ORD_403,PT_004,1
SALE_254,ORD_404,YR_017,6
SALE_255,ORD_405,VY_006,8
SALE_256,ORD_406,CT_001,8
SALE_257,ORD_407,CT_009,4
SALE_257,ORD_408,VY_012,4
SALE_258,ORD_409,VY_013,2
SALE_259,ORD_410,CT_001,7
SALE_259,ORD_411,PT_016,7
SALE_259,ORD_412,PT_018,2
SALE_260,ORD_413,PT_016,7
SALE_261,ORD_414,CT_023,10
SALE_262,ORD_415,CT_018,3
SALE_262,ORD_416,VY_006,8
SALE_263,ORD_417,PT_016,6
SALE_263,ORD_418,CT_006,9
SALE_263,ORD_419,VY_018,3
SALE_264,ORD_420,CT_005,6
SALE_265,ORD_421,PT_014,5
SALE_266,ORD_422,YR_015,6
SALE_266,ORD_423,PT_031,10
SALE_266,ORD_424,PT_027,5
SALE_267,ORD_425,CT_031,10
SALE_268,ORD_426,PT_011,7
SALE_269,ORD_427,VY_008,4
SALE_269,ORD_428,PT_009,2
SALE_269,ORD_429,VY_024,2
SALE_270,ORD_430,PT_023,10
SALE_270,ORD_431,CT_028,10
SALE_271,ORD_432,CT_014,2
SALE_272,ORD_433,VY_008,8
SALE_272,ORD_434,YR_013,8
SALE_272,ORD_435,YR_015,4
SALE_272,ORD_436,VY_009,5
SALE_273,ORD_437,CT_003,9
SALE_273,ORD_438,PT_030,3
SALE_273,ORD_439,VY_016,10
SALE_273,ORD_440,CT_006,10
SALE_274,ORD_441,CT_031,9
SALE_275,ORD_442,PT_009,6
SALE_275,ORD_443,PT_018,3
SALE_276,ORD_444,PT_031,5
SALE_276,ORD_445,PT_013,7
SALE_276,ORD_446,YR_016,9
SALE_277,ORD_447,CT_014,7
SALE_278,ORD_448,VY_004,9
SALE_279,ORD_449,CT_012,6
SALE_279,ORD_450,CT_002,5
SALE_280,ORD_451,PT_016,7
SALE_281,ORD_452,PT_003,3
SALE_282,ORD_453,PT_012,9
SALE_283,ORD_454,PT_012,9
SALE_283,ORD_455,CT_020,4
SALE_284,ORD_456,CT_032,7
SALE_285,ORD_457,YR_011,7
SALE_285,ORD_458,PT_014,6
SALE_285,ORD_459,YR_005,7
SALE_286,ORD_460,PT_025,1
SALE_286,ORD_461,VY_024,8
SALE_287,ORD_462,PT_008,7
SALE_288,ORD_463,PT_022,2
SALE_289,ORD_464,PT_010,7
SALE_290,ORD_465,CT_011,6
SALE_290,ORD_466,YR_007,6
SALE_291,ORD_467,YR_001,2
SALE_291,ORD_468,YR_001,2
SALE_292,ORD_469,CT_022,10
SALE_293,ORD_470,CT_021,4
SALE_293,ORD_471,VY_007,1
SALE_293,ORD_472,YR_010,3
SALE_294,ORD_473,CT_007,9
SALE_294,ORD_474,CT_017,8
SALE_294,ORD_475,VY_002,9
SALE_295,ORD_476,PT_008,1
SALE_296,ORD_477,VY_007,9
SALE_296,ORD_478,CT_029,10
SALE_297,ORD_479,PT_028,10
SALE_298,ORD_480,VY_007,10
SALE_299,ORD_481,PT_029,7
SALE_300,ORD_482,VY_023,9
SALE_300,ORD_483,VY_004,10
SALE_300,ORD_484,CT_008,5
SALE_300,ORD_485,CT_001,1
SALE_301,ORD_486,PT_002,1
SALE_302,ORD_487,YR_010,8
SALE_303,ORD_488,YR_004,7
SALE_303,ORD_489,VY_001,9
SALE_304,ORD_490,PT_011,4
SALE_304,ORD_491,CT_034,7
SALE_304,ORD_492,CT_018,4
SALE_305,ORD_493,PT_027,3
SALE_306,ORD_494,CT_030,6
SALE_307,ORD_495,VY_013,9
SALE_308,ORD_496,CT_007,8
SALE_308,ORD_497,PT_023,8
SALE_309,ORD_498,CT_028,9
SALE_309,ORD_499,VY_012,2
SALE_310,ORD_500,PT_010,6
SALE_310,ORD_501,YR_017,4
SALE_310,ORD_502,VY_014,6
SALE_311,ORD_503,VY_025,2
SALE_312,ORD_504,VY_001,4
SALE_312,ORD_505,VY_012,5
SALE_313,ORD_506,VY_008,7
SALE_314,ORD_507,VY_001,5
SALE_314,ORD_508,CT_032,2
SALE_315,ORD_509,CT_005,10
SALE_315,ORD_510,CT_009,1
SALE_316,ORD_511,CT_023,3
SALE_316,ORD_512,CT_014,2
SALE_317,ORD_513,YR_010,3
SALE_318,ORD_514,VY_006,8
SALE_319,ORD_515,PT_013,6
SALE_319,ORD_516,VY_018,4
SALE_319,ORD_517,YR_014,9
SALE_319,ORD_518,CT_028,4
SALE_320,ORD_519,VY_008,1
SALE_320,ORD_520,YR_018,10
SALE_321,ORD_521,VY_015,7
SALE_322,ORD_522,VY_015,7
SALE_323,ORD_523,VY_002,6
SALE_324,ORD_524,VY_014,8
SALE_325,ORD_525,CT_022,9
SALE_325,ORD_526,YR_011,10
SALE_326,ORD_527,PT_019,4
SALE_327,ORD_528,VY_004,4
SALE_328,ORD_529,PT_024,3
SALE_329,ORD_530,CT_033,7
SALE_330,ORD_531,CT_007,10
SALE_331,ORD_532,CT_017,2
SALE_332,ORD_533,PT_030,3
SALE_332,ORD_534,CT_018,6
SALE_332,ORD_535,CT_020,9
SALE_332,ORD_536,YR_011,10
SALE_332,ORD_537,VY_022,1
SALE_333,ORD_538,PT_006,1
SALE_333,ORD_539,VY_018,6
SALE_333,ORD_540,CT_018,7
SALE_334,ORD_541,VY_027,9
SALE_334,ORD_542,CT_035,9
SALE_335,ORD_543,CT_028,2
SALE_336,ORD_544,CT_025,7
SALE_336,ORD_545,CT_014,1
SALE_336,ORD_546,VY_003,2
SALE_337,ORD_547,CT_036,3
SALE_338,ORD_548,PT_030,10
SALE_339,ORD_549,YR_015,6
SALE_339,ORD_550,PT_028,1
SALE_340,ORD_551,YR_008,1
SALE_340,ORD_552,CT_020,6
SALE_340,ORD_553,CT_014,9
SALE_340,ORD_554,VY_011,6
SALE_341,ORD_555,VY_022,8
SALE_341,ORD_556,VY_016,6
SALE_341,ORD_557,VY_022,2
SALE_342,ORD_558,CT_035,10
SALE_342,ORD_559,CT_026,3
SALE_343,ORD_560,VY_019,9
SALE_344,ORD_561,VY_016,2
SALE_345,ORD_562,CT_024,10
SALE_346,ORD_563,VY_026,10
SALE_347,ORD_564,PT_028,6
SALE_348,ORD_565,CT_028,8
SALE_348,ORD_566,YR_013,5
SALE_348,ORD_567,YR_019,4
SALE_349,ORD_568,PT_007,1
SALE_350,ORD_569,CT_032,5
SALE_351,ORD_570,PT_004,6
SALE_351,ORD_571,CT_027,9
SALE_352,ORD_572,CT_014,3
SALE_352,ORD_573,VY_018,6
SALE_353,ORD_574,CT_018,5
SALE_353,ORD_575,CT_007,5
SALE_353,ORD_576,VY_027,4
SALE_354,ORD_577,CT_026,9
SALE_354,ORD_578,CT_026,9
SALE_355,ORD_579,CT_024,6
SALE_356,ORD_580,CT_002,10
SALE_356,ORD_581,VY_006,1
SALE_356,ORD_582,CT_009,3
SALE_356,ORD_583,VY_025,10
SALE_356,ORD_584,VY_020,8
SALE_357,ORD_585,CT_004,4
SALE_358,ORD_586,YR_018,10
SALE_358,ORD_587,PT_008,1
SALE_359,ORD_588,YR_010,6
SALE_360,ORD_589,PT_026,2
SALE_360,ORD_590,PT_005,7
SALE_360,ORD_591,CT_003,7
SALE_361,ORD_592,PT_025,7
SALE_362,ORD_593,PT_007,6
SALE_363,ORD_594,PT_010,8
SALE_364,ORD_595,YR_014,6
SALE_365,ORD_596,VY_002,5
SALE_365,ORD_597,CT_037,4
SALE_366,ORD_598,VY_024,4
SALE_367,ORD_599,YR_014,8
SALE_367,ORD_600,YR_003,1
SALE_368,ORD_601,VY_014,8
SALE_369,ORD_602,CT_010,4
SALE_369,ORD_603,CT_012,8
SALE_370,ORD_604,VY_026,10
SALE_370,ORD_605,PT_021,2
SALE_371,ORD_606,CT_024,6
SALE_371,ORD_607,CT_024,5
SALE_372,ORD_608,VY_007,4
SALE_372,ORD_609,YR_002,2
SALE_372,ORD_610,PT_027,2
SALE_372,ORD_611,PT_004,9
SALE_373,ORD_612,PT_007,7
SALE_373,ORD_613,CT_019,1
SALE_374,ORD_614,VY_011,2
SALE_375,ORD_615,PT_024,6
SALE_376,ORD_616,PT_023,2
SALE_377,ORD_617,CT_008,1
SALE_378,ORD_618,CT_020,1
SALE_379,ORD_619,PT_029,10
SALE_380,ORD_620,PT_007,3
SALE_381,ORD_621,VY_006,1
SALE_382,ORD_622,YR_019,8
SALE_382,ORD_623,YR_010,4
SALE_383,ORD_624,VY_008,8
SALE_383,ORD_625,YR_012,6
SALE_384,ORD_626,PT_001,1
SALE_384,ORD_627,VY_022,8
SALE_384,ORD_628,CT_001,1
SALE_384,ORD_629,CT_011,5
SALE_385,ORD_630,CT_014,9
SALE_385,ORD_631,CT_003,1
SALE_385,ORD_632,YR_015,5
SALE_386,ORD_633,PT_018,7
SALE_386,ORD_634,VY_027,7
SALE_387,ORD_635,VY_006,2
SALE_387,ORD_636,YR_012,8
SALE_388,ORD_637,PT_023,8
SALE_389,ORD_638,CT_004,7
SALE_389,ORD_639,CT_002,2
SALE_390,ORD_640,PT_030,5
SALE_390,ORD_641,YR_001,9
SALE_390,ORD_642,CT_022,10
SALE_390,ORD_643,VY_017,7
SALE_391,ORD_644,PT_017,3
SALE_391,ORD_645,PT_015,9
SALE_392,ORD_646,YR_001,8
SALE_393,ORD_647,YR_016,7
SALE_394,ORD_648,YR_004,4
SALE_395,ORD_649,PT_014,10
SALE_396,ORD_650,CT_033,5
SALE_397,ORD_651,VY_026,9
SALE_397,ORD_652,CT_030,1
SALE_398,ORD_653,VY_022,8
SALE_399,ORD_654,YR_015,5
SALE_399,ORD_655,CT_018,4
SALE_400,ORD_656,YR_001,2
SALE_401,ORD_657,CT_007,10
SALE_401,ORD_658,CT_037,10
SALE_402,ORD_659,VY_026,4
SALE_403,ORD_660,YR_015,7
SALE_403,ORD_661,CT_036,6
SALE_404,ORD_662,CT_016,1
SALE_404,ORD_663,YR_013,10
SALE_404,ORD_664,YR_008,1
SALE_404,ORD_665,CT_019,5
SALE_405,ORD_666,CT_030,8
SALE_406,ORD_667,PT_006,4
SALE_407,ORD_668,CT_032,2
SALE_408,ORD_669,CT_022,5
SALE_408,ORD_670,PT_023,6
SALE_409,ORD_671,VY_023,7
SALE_410,ORD_672,VY_026,1
SALE_411,ORD_673,YR_003,6
SALE_412,ORD_674,CT_003,5
SALE_413,ORD_675,CT_018,2
SALE_413,ORD_676,VY_007,4
SALE_414,ORD_677,CT_025,8
SALE_415,ORD_678,PT_010,2
SALE_416,ORD_679,PT_009,10
SALE_416,ORD_680,VY_011,6
SALE_416,ORD_681,VY_006,9
SALE_417,ORD_682,CT_033,3
SALE_417,ORD_683,VY_023,6
SALE_417,ORD_684,CT_028,10
SALE_417,ORD_685,VY_011,8
SALE_417,ORD_686,PT_006,3
SALE_418,ORD_687,PT_001,6
SALE_419,ORD_688,PT_015,9
SALE_420,ORD_689,PT_020,7
SALE_421,ORD_690,VY_011,8
SALE_422,ORD_691,PT_007,6
SALE_422,ORD_692,PT_015,6
SALE_423,ORD_693,PT_013,2
SALE_424,ORD_694,PT_005,9
SALE_425,ORD_695,VY_010,2
SALE_425,ORD_696,PT_017,4
SALE_426,ORD_697,YR_016,6
SALE_427,ORD_698,YR_016,2
SALE_427,ORD_699,PT_003,7
SALE_427,ORD_700,VY_006,8
SALE_428,ORD_701,CT_031,8
SALE_428,ORD_702,VY_016,9
SALE_428,ORD_703,CT_006,8
SALE_429,ORD_704,CT_006,3
SALE_430,ORD_705,VY_023,9
SALE_431,ORD_706,YR_011,6
SALE_432,ORD_707,CT_008,7
SALE_433,ORD_708,CT_018,9
SALE_434,ORD_709,CT_032,5
SALE_435,ORD_710,CT_007,3
SALE_436,ORD_711,CT_010,5
SALE_436,ORD_712,VY_013,9
SALE_437,ORD_713,VY_019,9
SALE_438,ORD_714,PT_008,8
SALE_439,ORD_715,VY_022,10
SALE_439,ORD_716,PT_009,9
SALE_440,ORD_717,CT_014,10
SALE_440,ORD_718,YR_005,8
SALE_440,ORD_719,VY_023,7
SALE_440,ORD_720,PT_014,2
SALE_441,ORD_721,PT_019,6
SALE_441,ORD_722,CT_025,2
SALE_442,ORD_723,CT_010,10
SALE_442,ORD_724,CT_023,6
SALE_442,ORD_725,VY_025,5
SALE_443,ORD_726,CT_008,1
SALE_444,ORD_727,PT_022,3
SALE_445,ORD_728,VY_015,2
SALE_446,ORD_729,VY_005,2
SALE_446,ORD_730,PT_005,4
SALE_446,ORD_731,CT_024,6
SALE_447,ORD_732,VY_025,7
SALE_448,ORD_733,PT_027,4
SALE_448,ORD_734,YR_007,4
SALE_448,ORD_735,PT_006,5
SALE_449,ORD_736,CT_035,5
SALE_449,ORD_737,VY_013,8
SALE_449,ORD_738,YR_004,4
SALE_450,ORD_739,PT_028,4
SALE_450,ORD_740,VY_012,5
SALE_451,ORD_741,PT_004,7
SALE_451,ORD_742,YR_010,1
SALE_451,ORD_743,VY_025,10
SALE_452,ORD_744,VY_021,5
SALE_452,ORD_745,VY_010,3
SALE_453,ORD_746,PT_013,1
SALE_453,ORD_747,YR_011,9
SALE_454,ORD_748,VY_015,4
SALE_455,ORD_749,PT_031,5
SALE_456,ORD_750,CT_031,7
SALE_457,ORD_751,VY_022,1
SALE_458,ORD_752,PT_009,5
SALE_459,ORD_753,VY_021,4
SALE_460,ORD_754,VY_025,8
SALE_461,ORD_755,CT_030,1
SALE_462,ORD_756,YR_006,3
SALE_463,ORD_757,YR_016,10
SALE_464,ORD_758,YR_004,4
SALE_464,ORD_759,PT_030,5
SALE_464,ORD_760,CT_020,10
SALE_465,ORD_761,PT_010,3
SALE_465,ORD_762,PT_014,9
SALE_465,ORD_763,CT_026,2
SALE_466,ORD_764,VY_016,8
SALE_466,ORD_765,CT_030,10
SALE_467,ORD_766,CT_034,9
SALE_467,ORD_767,CT_013,6
SALE_468,ORD_768,VY_024,8
SALE_469,ORD_769,YR_005,8
SALE_469,ORD_770,PT_027,1
SALE_469,ORD_771,VY_009,2
SALE_470,ORD_772,YR_006,5
SALE_471,ORD_773,YR_016,8
SALE_471,ORD_774,CT_015,10
SALE_472,ORD_775,YR_015,7
SALE_473,ORD_776,PT_010,4
SALE_474,ORD_777,CT_027,5
SALE_475,ORD_778,PT_001,6
SALE_475,ORD_779,VY_025,9
SALE_475,ORD_780,PT_022,10
SALE_476,ORD_781,CT_019,7
SALE_477,ORD_782,CT_026,5
SALE_477,ORD_783,VY_001,1
SALE_478,ORD_784,PT_021,5
SALE_479,ORD_785,PT_015,9
SALE_480,ORD_786,PT_027,7
SALE_480,ORD_787,YR_017,4
SALE_481,ORD_788,VY_013,7
SALE_481,ORD_789,CT_028,2
SALE_481,ORD_790,YR_011,8
SALE_481,ORD_791,CT_008,2
SALE_482,ORD_792,PT_026,7
SALE_482,ORD_793,CT_031,7
SALE_483,ORD_794,CT_021,10
SALE_484,ORD_795,CT_016,3
SALE_485,ORD_796,YR_008,10
SALE_486,ORD_797,CT_014,1
SALE_486,ORD_798,CT_019,6
SALE_486,ORD_799,VY_003,8
SALE_486,ORD_800,VY_005,9
SALE_487,ORD_801,PT_019,7
SALE_487,ORD_802,PT_029,9
SALE_487,ORD_803,VY_014,6
SALE_488,ORD_804,CT_007,3
SALE_488,ORD_805,CT_015,2
SALE_488,ORD_806,VY_024,10
SALE_489,ORD_807,PT_025,5
SALE_490,ORD_808,PT_024,1
SALE_490,ORD_809,CT_029,2
SALE_490,ORD_810,YR_019,8
SALE_491,ORD_811,YR_014,5
SALE_492,ORD_812,CT_028,2
SALE_492,ORD_813,CT_005,1
SALE_493,ORD_814,PT_026,7
SALE_494,ORD_815,PT_003,10
SALE_495,ORD_816,CT_017,9
SALE_496,ORD_817,VY_018,4
SALE_497,ORD_818,PT_021,9
SALE_497,ORD_819,CT_037,10
SALE_497,ORD_820,CT_008,10
SALE_498,ORD_821,PT_009,1
SALE_498,ORD_822,CT_009,9
SALE_499,ORD_823,PT_011,8
SALE_500,ORD_824,CT_009,1
SALE_500,ORD_825,YR_011,3
SALE_501,ORD_826,VY_005,10
SALE_501,ORD_827,PT_030,1
SALE_501,ORD_828,VY_003,3
SALE_502,ORD_829,PT_005,3
SALE_503,ORD_830,YR_013,2
SALE_503,ORD_831,VY_004,9
SALE_503,ORD_832,CT_032,1
SALE_504,ORD_833,CT_003,4
SALE_505,ORD_834,CT_012,8
SALE_505,ORD_835,PT_031,5
SALE_506,ORD_836,PT_023,2
SALE_507,ORD_837,VY_006,1
SALE_508,ORD_838,PT_029,9
SALE_509,ORD_839,PT_018,10
SALE_509,ORD_840,CT_018,1
SALE_510,ORD_841,PT_020,9
SALE_510,ORD_842,YR_013,2
SALE_511,ORD_843,YR_003,3
SALE_512,ORD_844,PT_008,3
SALE_512,ORD_845,YR_008,1
SALE_513,ORD_846,PT_022,5
SALE_514,ORD_847,YR_006,2
SALE_514,ORD_848,CT_034,9
SALE_515,ORD_849,CT_034,5
SALE_515,ORD_850,YR_013,3
SALE_516,ORD_851,PT_002,9
SALE_516,ORD_852,CT_020,10
SALE_517,ORD_853,YR_007,1
SALE_517,ORD_854,CT_026,8
SALE_517,ORD_855,VY_004,5
SALE_517,ORD_856,PT_014,9
SALE_518,ORD_857,CT_018,10
SALE_519,ORD_858,YR_015,3
SALE_519,ORD_859,VY_004,2
SALE_519,ORD_860,CT_018,1
SALE_519,ORD_861,YR_009,9
SALE_519,ORD_862,YR_002,9
SALE_520,ORD_863,VY_004,5
SALE_520,ORD_864,CT_033,9
SALE_520,ORD_865,VY_018,6
SALE_521,ORD_866,PT_024,7
SALE_521,ORD_867,VY_008,5
SALE_522,ORD_868,PT_023,10
SALE_522,ORD_869,YR_002,6
SALE_523,ORD_870,YR_006,10
SALE_523,ORD_871,PT_025,7
SALE_523,ORD_872,CT_034,10
SALE_524,ORD_873,VY_027,8
SALE_525,ORD_874,VY_009,1
SALE_526,ORD_875,CT_018,2
SALE_527,ORD_876,PT_011,5
SALE_528,ORD_877,VY_009,1
SALE_528,ORD_878,PT_016,6
SALE_529,ORD_879,YR_001,4
SALE_530,ORD_880,PT_005,5
SALE_531,ORD_881,PT_025,1
SALE_531,ORD_882,CT_019,3
SALE_532,ORD_883,CT_009,10
SALE_533,ORD_884,PT_020,5
SALE_533,ORD_885,CT_010,8
SALE_534,ORD_886,VY_003,5
SALE_534,ORD_887,CT_019,9
SALE_534,ORD_888,PT_019,2
SALE_535,ORD_889,CT_036,5
SALE_536,ORD_890,PT_006,6
SALE_536,ORD_891,CT_009,8
SALE_537,ORD_892,YR_017,8
SALE_538,ORD_893,PT_024,6
SALE_539,ORD_894,PT_030,10
SALE_539,ORD_895,PT_012,10
SALE_539,ORD_896,YR_012,3
SALE_539,ORD_897,PT_014,4
SALE_540,ORD_898,PT_018,10
SALE_541,ORD_899,YR_013,6
SALE_542,ORD_900,YR_014,2
SALE_542,ORD_901,CT_023,8
SALE_543,ORD_902,CT_029,8
SALE_543,ORD_903,CT_028,9
SALE_544,ORD_904,CT_019,5
SALE_544,ORD_905,YR_008,5
SALE_545,ORD_906,PT_010,10
SALE_546,ORD_907,YR_007,1
SALE_547,ORD_908,CT_020,9
SALE_547,ORD_909,YR_012,3
SALE_548,ORD_910,PT_020,7
SALE_549,ORD_911,CT_033,9
SALE_550,ORD_912,YR_011,8
SALE_551,ORD_913,VY_025,7
SALE_552,ORD_914,VY_018,6
SALE_553,ORD_915,CT_009,8
SALE_554,ORD_916,CT_015,8
SALE_555,ORD_917,PT_017,5
SALE_555,ORD_918,YR_019,5
SALE_555,ORD_919,VY_001,3
SALE_556,ORD_920,CT_032,4
SALE_556,ORD_921,VY_013,9
SALE_556,ORD_922,CT_012,2
SALE_557,ORD_923,YR_001,8
SALE_558,ORD_924,VY_019,7
SALE_559,ORD_925,PT_010,3
SALE_559,ORD_926,PT_015,10
SALE_559,ORD_927,PT_009,7
SALE_560,ORD_928,PT_008,4
SALE_561,ORD_929,YR_012,8
SALE_561,ORD_930,PT_027,8
SALE_562,ORD_931,CT_006,2
SALE_563,ORD_932,CT_024,5
SALE_564,ORD_933,PT_022,5
SALE_564,ORD_934,VY_023,10
SALE_565,ORD_935,CT_020,5
SALE_566,ORD_936,PT_017,10
SALE_567,ORD_937,PT_023,5
SALE_567,ORD_938,VY_013,5
SALE_568,ORD_939,CT_005,1
SALE_568,ORD_940,PT_010,3
SALE_568,ORD_941,CT_007,5
SALE_569,ORD_942,CT_028,5
SALE_569,ORD_943,PT_005,7
SALE_570,ORD_944,YR_016,1
SALE_571,ORD_945,CT_022,4
SALE_572,ORD_946,YR_006,4
SALE_573,ORD_947,PT_009,10
SALE_574,ORD_948,CT_012,9
SALE_575,ORD_949,VY_001,4
SALE_575,ORD_950,PT_020,8
SALE_575,ORD_951,CT_025,8
SALE_576,ORD_952,CT_009,3
SALE_576,ORD_953,VY_027,3
SALE_577,ORD_954,PT_017,6
SALE_578,ORD_955,CT_031,5
SALE_579,ORD_956,VY_005,6
SALE_579,ORD_957,YR_001,6
SALE_580,ORD_958,VY_023,7
SALE_581,ORD_959,CT_010,7
SALE_582,ORD_960,VY_003,5
SALE_583,ORD_961,CT_001,1
SALE_584,ORD_962,PT_025,8
SALE_585,ORD_963,YR_008,2
SALE_585,ORD_964,VY_003,7
SALE_586,ORD_965,PT_020,5
SALE_586,ORD_966,CT_027,8
SALE_587,ORD_967,YR_015,10
SALE_588,ORD_968,PT_015,7
SALE_589,ORD_969,VY_014,1
SALE_590,ORD_970,YR_007,10
SALE_591,ORD_971,VY_004,5
SALE_592,ORD_972,YR_017,1
SALE_593,ORD_973,PT_006,3
SALE_593,ORD_974,YR_014,1
SALE_593,ORD_975,VY_022,2
SALE_593,ORD_976,CT_010,9
SALE_594,ORD_977,CT_019,6
SALE_594,ORD_978,VY_022,6
SALE_594,ORD_979,CT_031,5
SALE_595,ORD_980,CT_011,8
SALE_595,ORD_981,VY_007,6
SALE_595,ORD_982,VY_006,1
SALE_596,ORD_983,PT_016,10
SALE_597,ORD_984,YR_015,1
SALE_598,ORD_985,CT_028,5
SALE_598,ORD_986,PT_005,3
SALE_598,ORD_987,VY_027,6
SALE_599,ORD_988,CT_026,9
SALE_599,ORD_989,VY_023,6
SALE_600,ORD_990,CT_016,10
SALE_600,ORD_991,CT_003,2
SALE_601,ORD_992,YR_010,7
SALE_602,ORD_993,PT_005,9
SALE_603,ORD_994,YR_011,7
SALE_603,ORD_995,PT_024,4
SALE_604,ORD_996,CT_021,10
SALE_605,ORD_997,YR_008,8
SALE_606,ORD_998,VY_019,1
SALE_607,ORD_999,VY_023,5
SALE_607,ORD_1000,PT_002,8
SALE_608,ORD_1001,YR_017,4
SALE_608,ORD_1002,CT_013,6
SALE_609,ORD_1003,CT_011,5
SALE_609,ORD_1004,CT_012,6
SALE_610,ORD_1005,PT_003,8
SALE_610,ORD_1006,CT_030,5
SALE_610,ORD_1007,PT_019,7
SALE_610,ORD_1008,VY_007,5
SALE_611,ORD_1009,PT_008,3
SALE_612,ORD_1010,PT_005,1
SALE_613,ORD_1011,CT_007,4
SALE_614,ORD_1012,CT_008,6
SALE_614,ORD_1013,PT_024,5
SALE_614,ORD_1014,CT_022,6
SALE_614,ORD_1015,PT_003,3
SALE_614,ORD_1016,CT_029,8
SALE_615,ORD_1017,VY_006,1
SALE_616,ORD_1018,YR_007,1
SALE_617,ORD_1019,VY_015,8
SALE_618,ORD_1020,CT_006,2
SALE_618,ORD_1021,VY_027,10
SALE_619,ORD_1022,CT_004,10
SALE_619,ORD_1023,CT_018,6
SALE_620,ORD_1024,PT_019,8
SALE_620,ORD_1025,CT_013,6
SALE_621,ORD_1026,YR_008,3
SALE_622,ORD_1027,VY_023,5
SALE_622,ORD_1028,YR_014,1
SALE_623,ORD_1029,VY_014,8
SALE_623,ORD_1030,CT_014,5
SALE_624,ORD_1031,CT_006,6
SALE_625,ORD_1032,CT_002,4
SALE_626,ORD_1033,CT_029,3
SALE_626,ORD_1034,YR_014,4
SALE_627,ORD_1035,VY_008,9
SALE_628,ORD_1036,VY_023,5
SALE_628,ORD_1037,VY_026,9
SALE_628,ORD_1038,PT_008,10
SALE_628,ORD_1039,VY_018,5
SALE_629,ORD_1040,VY_003,9
SALE_630,ORD_1041,PT_025,2
SALE_630,ORD_1042,YR_001,1
SALE_630,ORD_1043,CT_001,10
SALE_631,ORD_1044,VY_009,1
SALE_632,ORD_1045,VY_007,6
SALE_632,ORD_1046,CT_015,1
SALE_633,ORD_1047,VY_004,3
SALE_633,ORD_1048,PT_017,2
SALE_634,ORD_1049,PT_004,6
SALE_635,ORD_1050,YR_008,10
SALE_635,ORD_1051,CT_036,5
SALE_636,ORD_1052,VY_005,8
SALE_636,ORD_1053,YR_019,8
SALE_636,ORD_1054,PT_023,1
SALE_637,ORD_1055,CT_019,9
SALE_637,ORD_1056,CT_032,5
SALE_637,ORD_1057,VY_001,3
SALE_638,ORD_1058,CT_014,8
SALE_639,ORD_1059,PT_022,1
SALE_639,ORD_1060,VY_001,6
SALE_639,ORD_1061,PT_023,2
SALE_639,ORD_1062,CT_022,7
SALE_639,ORD_1063,CT_023,7
SALE_640,ORD_1064,CT_024,3
SALE_641,ORD_1065,CT_010,1
SALE_641,ORD_1066,CT_027,4
SALE_641,ORD_1067,VY_023,10
SALE_642,ORD_1068,VY_012,8
SALE_643,ORD_1069,VY_018,5
SALE_643,ORD_1070,CT_027,4
SALE_643,ORD_1071,VY_002,2
SALE_644,ORD_1072,PT_012,1
SALE_644,ORD_1073,PT_020,9
SALE_644,ORD_1074,YR_003,8
SALE_644,ORD_1075,YR_003,10
SALE_645,ORD_1076,VY_004,2
SALE_645,ORD_1077,CT_012,4
SALE_645,ORD_1078,CT_007,5
SALE_645,ORD_1079,VY_025,5
SALE_646,ORD_1080,VY_004,1
SALE_646,ORD_1081,CT_031,6
SALE_647,ORD_1082,CT_026,4
SALE_648,ORD_1083,PT_029,9
SALE_649,ORD_1084,PT_018,1
SALE_650,ORD_1085,VY_018,5
SALE_651,ORD_1086,PT_010,8
SALE_651,ORD_1087,CT_036,10
SALE_652,ORD_1088,CT_009,8
SALE_652,ORD_1089,VY_003,8
SALE_653,ORD_1090,PT_013,9
SALE_653,ORD_1091,PT_021,4
SALE_653,ORD_1092,YR_004,2
SALE_654,ORD_1093,CT_014,1
SALE_655,ORD_1094,VY_002,3
SALE_655,ORD_1095,CT_028,3
SALE_655,ORD_1096,PT_006,9
SALE_656,ORD_1097,VY_012,4
SALE_656,ORD_1098,CT_018,2
SALE_657,ORD_1099,YR_009,10
SALE_657,ORD_1100,CT_033,1
SALE_658,ORD_1101,CT_034,5
SALE_658,ORD_1102,PT_015,9
SALE_659,ORD_1103,PT_007,3
SALE_660,ORD_1104,VY_015,10
SALE_660,ORD_1105,PT_024,8
SALE_660,ORD_1106,CT_004,8
SALE_661,ORD_1107,CT_010,3
SALE_662,ORD_1108,VY_027,9
SALE_663,ORD_1109,YR_018,10
SALE_663,ORD_1110,CT_037,10
SALE_664,ORD_1111,YR_005,7
SALE_665,ORD_1112,YR_015,3
SALE_666,ORD_1113,PT_003,4
SALE_667,ORD_1114,CT_022,10
SALE_667,ORD_1115,CT_019,2
SALE_667,ORD_1116,CT_031,4
SALE_668,ORD_1117,PT_018,4
SALE_668,ORD_1118,VY_004,2
SALE_668,ORD_1119,PT_001,4
SALE_669,ORD_1120,PT_008,2
SALE_670,ORD_1121,PT_006,6
SALE_670,ORD_1122,CT_003,10
SALE_671,ORD_1123,CT_001,7
SALE_672,ORD_1124,VY_022,6
SALE_673,ORD_1125,YR_011,4
SALE_674,ORD_1126,PT_023,1
SALE_674,ORD_1127,VY_018,8
SALE_675,ORD_1128,CT_015,5
SALE_675,ORD_1129,YR_017,1
SALE_675,ORD_1130,CT_029,7
SALE_676,ORD_1131,VY_023,7
SALE_676,ORD_1132,YR_014,7
SALE_677,ORD_1133,VY_011,1
SALE_678,ORD_1134,PT_025,9
SALE_678,ORD_1135,CT_019,9
SALE_678,ORD_1136,PT_014,9
SALE_678,ORD_1137,VY_010,4
SALE_679,ORD_1138,CT_008,4
SALE_679,ORD_1139,VY_014,8
SALE_680,ORD_1140,YR_013,6
SALE_680,ORD_1141,CT_035,3
SALE_680,ORD_1142,CT_037,4
SALE_680,ORD_1143,CT_002,4
SALE_680,ORD_1144,PT_023,1
SALE_680,ORD_1145,PT_018,9
SALE_681,ORD_1146,CT_029,4
SALE_681,ORD_1147,CT_007,1
SALE_682,ORD_1148,CT_014,3
SALE_682,ORD_1149,VY_003,8
SALE_682,ORD_1150,PT_011,7
SALE_683,ORD_1151,VY_022,7
SALE_683,ORD_1152,CT_009,10
SALE_683,ORD_1153,PT_010,4
SALE_684,ORD_1154,PT_011,2
SALE_685,ORD_1155,VY_023,6
SALE_685,ORD_1156,PT_024,5
SALE_685,ORD_1157,PT_029,2
SALE_685,ORD_1158,PT_001,7
SALE_685,ORD_1159,CT_004,10
SALE_686,ORD_1160,PT_028,5
SALE_686,ORD_1161,VY_022,7
SALE_687,ORD_1162,CT_009,8
SALE_688,ORD_1163,CT_036,5
SALE_689,ORD_1164,PT_009,1
SALE_689,ORD_1165,PT_020,5
SALE_689,ORD_1166,VY_018,8
SALE_689,ORD_1167,PT_009,7
SALE_689,ORD_1168,VY_023,1
SALE_690,ORD_1169,CT_001,10
SALE_691,ORD_1170,CT_011,7
SALE_692,ORD_1171,VY_027,2
SALE_693,ORD_1172,PT_011,4
SALE_693,ORD_1173,YR_013,9
SALE_693,ORD_1174,CT_006,3
SALE_694,ORD_1175,PT_007,4
SALE_694,ORD_1176,CT_033,3
SALE_695,ORD_1177,VY_003,10
SALE_696,ORD_1178,PT_008,5
SALE_696,ORD_1179,CT_002,5
SALE_697,ORD_1180,VY_013,4
SALE_697,ORD_1181,CT_013,10
SALE_698,ORD_1182,VY_015,8
SALE_698,ORD_1183,CT_010,6
SALE_698,ORD_1184,PT_008,5
SALE_698,ORD_1185,PT_019,2
SALE_699,ORD_1186,CT_009,5
SALE_700,ORD_1187,YR_011,8
SALE_700,ORD_1188,YR_019,3
SALE_700,ORD_1189,PT_022,10
SALE_701,ORD_1190,CT_007,7
SALE_702,ORD_1191,PT_021,1
SALE_702,ORD_1192,CT_032,4
SALE_703,ORD_1193,PT_006,2
SALE_703,ORD_1194,VY_006,4
SALE_704,ORD_1195,VY_013,9
SALE_704,ORD_1196,PT_026,8
SALE_705,ORD_1197,VY_003,1
SALE_706,ORD_1198,CT_019,2
SALE_707,ORD_1199,PT_004,8
SALE_707,ORD_1200,VY_019,5
SALE_708,ORD_1201,VY_025,6
SALE_708,ORD_1202,CT_017,7
SALE_708,ORD_1203,PT_021,2
SALE_709,ORD_1204,CT_006,6
SALE_709,ORD_1205,PT_027,4
SALE_709,ORD_1206,PT_007,5
SALE_710,ORD_1207,VY_025,8
SALE_711,ORD_1208,VY_001,6
SALE_712,ORD_1209,CT_010,10
SALE_713,ORD_1210,PT_013,5
SALE_714,ORD_1211,PT_004,5
SALE_714,ORD_1212,PT_031,9
SALE_714,ORD_1213,CT_034,5
SALE_715,ORD_1214,VY_003,1
SALE_715,ORD_1215,PT_019,2
SALE_716,ORD_1216,CT_036,2
SALE_717,ORD_1217,PT_027,5
SALE_717,ORD_1218,CT_004,10
SALE_717,ORD_1219,CT_027,6
SALE_717,ORD_1220,CT_020,4
SALE_717,ORD_1221,YR_011,8
SALE_718,ORD_1222,PT_014,5
SALE_719,ORD_1223,VY_004,4
SALE_719,ORD_1224,VY_009,5
SALE_720,ORD_1225,YR_015,1
SALE_720,ORD_1226,CT_009,4
SALE_720,ORD_1227,YR_018,1
SALE_720,ORD_1228,VY_023,2
SALE_720,ORD_1229,PT_008,9
SALE_721,ORD_1230,PT_006,4
SALE_722,ORD_1231,VY_016,10
SALE_722,ORD_1232,CT_010,6
SALE_723,ORD_1233,CT_029,4
SALE_724,ORD_1234,CT_017,8
SALE_725,ORD_1235,CT_001,3
SALE_725,ORD_1236,VY_016,9
SALE_726,ORD_1237,YR_019,2
SALE_726,ORD_1238,PT_015,5
SALE_726,ORD_1239,PT_018,3
SALE_727,ORD_1240,CT_002,6
SALE_728,ORD_1241,CT_024,8
SALE_729,ORD_1242,YR_005,7
SALE_729,ORD_1243,CT_011,9
SALE_729,ORD_1244,CT_025,6
SALE_729,ORD_1245,YR_007,4
SALE_730,ORD_1246,YR_001,6
SALE_730,ORD_1247,YR_017,10
SALE_731,ORD_1248,CT_016,5
SALE_732,ORD_1249,VY_006,4
SALE_733,ORD_1250,VY_021,1
SALE_733,ORD_1251,PT_028,8
SALE_734,ORD_1252,CT_005,4
SALE_735,ORD_1253,CT_024,5
SALE_736,ORD_1254,PT_006,6
SALE_736,ORD_1255,YR_017,5
SALE_737,ORD_1256,CT_034,1
SALE_738,ORD_1257,CT_035,2
SALE_738,ORD_1258,PT_012,9
SALE_739,ORD_1259,YR_014,4
SALE_739,ORD_1260,CT_012,8
SALE_739,ORD_1261,CT_017,9
SALE_740,ORD_1262,VY_022,10
SALE_740,ORD_1263,CT_032,3
SALE_741,ORD_1264,YR_002,9
SALE_741,ORD_1265,YR_009,8
SALE_741,ORD_1266,CT_024,2
SALE_741,ORD_1267,YR_014,8
SALE_742,ORD_1268,VY_013,4
SALE_743,ORD_1269,VY_027,8
SALE_744,ORD_1270,CT_006,10
SALE_744,ORD_1271,PT_024,3
SALE_745,ORD_1272,VY_019,4
SALE_745,ORD_1273,CT_026,2
SALE_745,ORD_1274,CT_032,9
SALE_746,ORD_1275,PT_016,3
SALE_746,ORD_1276,CT_008,8
SALE_747,ORD_1277,PT_023,10
SALE_748,ORD_1278,YR_017,5
SALE_748,ORD_1279,YR_011,10
SALE_748,ORD_1280,CT_029,6
SALE_749,ORD_1281,YR_004,7
SALE_750,ORD_1282,CT_034,1
SALE_750,ORD_1283,VY_023,9
SALE_751,ORD_1284,PT_009,1
SALE_752,ORD_1285,YR_001,10
SALE_753,ORD_1286,CT_005,10
SALE_753,ORD_1287,YR_010,9
SALE_754,ORD_1288,CT_036,7
SALE_755,ORD_1289,CT_018,4
SALE_756,ORD_1290,VY_023,9
SALE_756,ORD_1291,VY_022,10
SALE_757,ORD_1292,YR_015,8
SALE_758,ORD_1293,PT_015,7
SALE_759,ORD_1294,PT_018,6
SALE_759,ORD_1295,CT_007,10
SALE_759,ORD_1296,VY_022,9
SALE_760,ORD_1297,YR_019,5
SALE_761,ORD_1298,CT_036,9
SALE_762,ORD_1299,CT_023,5
SALE_762,ORD_1300,VY_020,6
SALE_763,ORD_1301,YR_013,5
SALE_764,ORD_1302,YR_002,5
SALE_764,ORD_1303,CT_028,1
SALE_765,ORD_1304,PT_021,6
SALE_765,ORD_1305,PT_003,2
SALE_765,ORD_1306,YR_016,4
SALE_766,ORD_1307,CT_024,4
SALE_766,ORD_1308,YR_017,6
SALE_766,ORD_1309,PT_026,5
SALE_766,ORD_1310,CT_032,8
SALE_767,ORD_1311,VY_007,4
SALE_767,ORD_1312,YR_003,7
SALE_767,ORD_1313,CT_004,8
SALE_767,ORD_1314,VY_011,8
SALE_768,ORD_1315,YR_001,10
SALE_768,ORD_1316,CT_021,6
SALE_769,ORD_1317,YR_010,8
SALE_770,ORD_1318,CT_014,10
SALE_771,ORD_1319,CT_031,3
SALE_771,ORD_1320,CT_002,10
SALE_772,ORD_1321,PT_006,8
SALE_773,ORD_1322,VY_002,7
SALE_774,ORD_1323,YR_008,7
SALE_775,ORD_1324,YR_011,6
SALE_776,ORD_1325,CT_003,6
SALE_776,ORD_1326,VY_025,4
SALE_777,ORD_1327,YR_009,5
SALE_778,ORD_1328,CT_017,10
SALE_778,ORD_1329,PT_013,10
SALE_778,ORD_1330,YR_004,5
SALE_779,ORD_1331,CT_026,7
SALE_780,ORD_1332,VY_010,3
SALE_781,ORD_1333,PT_026,5
SALE_782,ORD_1334,CT_034,4
SALE_783,ORD_1335,PT_004,3
SALE_784,ORD_1336,CT_010,10
SALE_784,ORD_1337,VY_026,8
SALE_785,ORD_1338,PT_013,8
SALE_786,ORD_1339,VY_017,10
SALE_787,ORD_1340,PT_018,5
SALE_788,ORD_1341,VY_027,4
SALE_788,ORD_1342,PT_015,5
SALE_788,ORD_1343,VY_023,7
SALE_789,ORD_1344,YR_010,1
SALE_789,ORD_1345,PT_031,7
SALE_789,ORD_1346,CT_007,3
SALE_789,ORD_1347,VY_001,4
SALE_790,ORD_1348,VY_021,7
SALE_791,ORD_1349,VY_002,6
SALE_791,ORD_1350,CT_025,5
SALE_792,ORD_1351,YR_016,6
SALE_792,ORD_1352,PT_021,4
SALE_793,ORD_1353,CT_024,6
SALE_794,ORD_1354,VY_026,9
SALE_795,ORD_1355,CT_024,8
SALE_795,ORD_1356,PT_002,5
SALE_796,ORD_1357,PT_016,6
SALE_796,ORD_1358,CT_011,3
SALE_796,ORD_1359,YR_010,5
SALE_797,ORD_1360,YR_015,4
SALE_798,ORD_1361,PT_026,8
SALE_798,ORD_1362,PT_014,5
SALE_798,ORD_1363,CT_021,5
SALE_799,ORD_1364,CT_030,10
SALE_800,ORD_1365,VY_003,7
SALE_801,ORD_1366,CT_030,3
SALE_801,ORD_1367,VY_024,4
SALE_801,ORD_1368,YR_004,5
SALE_802,ORD_1369,PT_004,8
SALE_802,ORD_1370,CT_016,3
SALE_803,ORD_1371,PT_025,10
SALE_803,ORD_1372,PT_017,6
SALE_804,ORD_1373,YR_010,1
SALE_804,ORD_1374,CT_020,1
SALE_805,ORD_1375,CT_030,2
SALE_805,ORD_1376,YR_010,9
SALE_806,ORD_1377,PT_013,10
SALE_807,ORD_1378,PT_006,9
SALE_808,ORD_1379,VY_007,6
SALE_808,ORD_1380,CT_022,2
SALE_808,ORD_1381,CT_015,9
SALE_809,ORD_1382,PT_018,3
SALE_810,ORD_1383,PT_017,1
SALE_810,ORD_1384,YR_016,9
SALE_810,ORD_1385,CT_036,8
SALE_811,ORD_1386,YR_003,9
SALE_811,ORD_1387,YR_017,5
SALE_811,ORD_1388,CT_011,4
SALE_812,ORD_1389,PT_027,6
SALE_812,ORD_1390,CT_009,2
SALE_812,ORD_1391,CT_035,8
SALE_813,ORD_1392,VY_004,4
SALE_814,ORD_1393,PT_028,10
SALE_814,ORD_1394,VY_008,3
SALE_815,ORD_1395,VY_023,10
SALE_815,ORD_1396,PT_007,10
SALE_815,ORD_1397,PT_008,3
SALE_815,ORD_1398,PT_020,9
SALE_815,ORD_1399,YR_004,10
SALE_816,ORD_1400,VY_019,4
SALE_816,ORD_1401,VY_026,6
SALE_817,ORD_1402,VY_008,9
SALE_817,ORD_1403,CT_006,7
SALE_818,ORD_1404,PT_022,4
SALE_819,ORD_1405,PT_029,5
SALE_819,ORD_1406,PT_016,5
SALE_820,ORD_1407,VY_016,8
SALE_821,ORD_1408,YR_006,1
SALE_822,ORD_1409,VY_027,9
SALE_822,ORD_1410,CT_028,1
SALE_823,ORD_1411,CT_030,9
SALE_823,ORD_1412,PT_011,10
SALE_823,ORD_1413,CT_018,8
SALE_824,ORD_1414,YR_012,1
SALE_825,ORD_1415,PT_019,9
SALE_826,ORD_1416,CT_001,7
SALE_826,ORD_1417,PT_013,2
SALE_826,ORD_1418,VY_013,7
SALE_827,ORD_1419,VY_003,1
SALE_827,ORD_1420,YR_002,6
SALE_827,ORD_1421,CT_006,3
SALE_828,ORD_1422,YR_003,5
SALE_828,ORD_1423,CT_016,5
SALE_828,ORD_1424,VY_009,5
SALE_829,ORD_1425,PT_002,1
SALE_829,ORD_1426,PT_022,10
SALE_829,ORD_1427,YR_015,9
SALE_830,ORD_1428,VY_002,4
SALE_830,ORD_1429,VY_022,10
SALE_830,ORD_1430,CT_004,10
SALE_831,ORD_1431,CT_019,5
SALE_832,ORD_1432,CT_009,6
SALE_832,ORD_1433,CT_002,6
SALE_833,ORD_1434,VY_027,9
SALE_833,ORD_1435,VY_019,4
SALE_834,ORD_1436,CT_010,6
SALE_834,ORD_1437,CT_023,5
SALE_835,ORD_1438,CT_006,4
SALE_836,ORD_1439,CT_017,8
SALE_836,ORD_1440,YR_002,8
SALE_837,ORD_1441,CT_016,1
SALE_837,ORD_1442,PT_019,8
SALE_838,ORD_1443,VY_023,2
SALE_839,ORD_1444,YR_008,1
SALE_840,ORD_1445,CT_009,2
SALE_841,ORD_1446,PT_028,6
SALE_841,ORD_1447,PT_031,9
SALE_841,ORD_1448,CT_011,1
SALE_842,ORD_1449,YR_001,7
SALE_843,ORD_1450,PT_023,3
SALE_844,ORD_1451,PT_028,7
SALE_845,ORD_1452,CT_002,8
SALE_846,ORD_1453,YR_005,9
SALE_846,ORD_1454,YR_001,2
SALE_847,ORD_1455,PT_016,9
SALE_847,ORD_1456,CT_009,1
SALE_848,ORD_1457,VY_024,4
SALE_849,ORD_1458,CT_025,2
SALE_849,ORD_1459,VY_014,10
SALE_849,ORD_1460,CT_020,4
SALE_850,ORD_1461,VY_010,6
SALE_851,ORD_1462,VY_013,5
SALE_852,ORD_1463,CT_034,9
SALE_853,ORD_1464,VY_019,1
SALE_854,ORD_1465,YR_006,10
SALE_854,ORD_1466,PT_025,9
SALE_855,ORD_1467,YR_007,4
SALE_856,ORD_1468,CT_036,7
SALE_857,ORD_1469,YR_001,9
SALE_858,ORD_1470,VY_015,2
SALE_859,ORD_1471,VY_004,7
SALE_860,ORD_1472,CT_021,9
SALE_860,ORD_1473,YR_015,9
SALE_861,ORD_1474,VY_017,2
SALE_862,ORD_1475,PT_001,10
SALE_862,ORD_1476,VY_026,6
SALE_863,ORD_1477,PT_013,2
SALE_863,ORD_1478,VY_025,2
SALE_864,ORD_1479,CT_026,5
SALE_864,ORD_1480,CT_035,2
SALE_864,ORD_1481,VY_015,7
SALE_864,ORD_1482,CT_020,1
SALE_864,ORD_1483,PT_012,4
SALE_865,ORD_1484,CT_023,5
SALE_866,ORD_1485,CT_037,9
SALE_867,ORD_1486,CT_034,5
SALE_868,ORD_1487,VY_009,6
SALE_869,ORD_1488,CT_025,4
SALE_870,ORD_1489,CT_017,4
SALE_871,ORD_1490,CT_018,6
SALE_872,ORD_1491,PT_012,4
SALE_873,ORD_1492,CT_021,6
SALE_873,ORD_1493,VY_005,10
SALE_873,ORD_1494,PT_016,3
SALE_873,ORD_1495,PT_012,4
SALE_874,ORD_1496,CT_022,7
SALE_875,ORD_1497,CT_004,4
SALE_875,ORD_1498,CT_036,10
SALE_875,ORD_1499,CT_030,7
SALE_876,ORD_1500,VY_027,3
SALE_876,ORD_1501,VY_005,9
SALE_876,ORD_1502,PT_017,9
SALE_877,ORD_1503,YR_006,3
SALE_878,ORD_1504,CT_011,10
SALE_879,ORD_1505,PT_008,1
SALE_879,ORD_1506,PT_010,1
SALE_880,ORD_1507,YR_006,9
SALE_880,ORD_1508,YR_010,1
SALE_881,ORD_1509,CT_008,10
SALE_882,ORD_1510,PT_020,10
SALE_883,ORD_1511,CT_026,3
SALE_884,ORD_1512,VY_025,9
SALE_885,ORD_1513,CT_011,4
SALE_886,ORD_1514,CT_024,3
SALE_887,ORD_1515,CT_010,3
SALE_887,ORD_1516,VY_015,8
SALE_888,ORD_1517,PT_018,2
SALE_889,ORD_1518,VY_013,9
SALE_890,ORD_1519,CT_012,8
SALE_891,ORD_1520,CT_008,2
SALE_892,ORD_1521,YR_001,3
SALE_893,ORD_1522,CT_032,3
SALE_894,ORD_1523,PT_018,2
SALE_895,ORD_1524,CT_020,5
SALE_896,ORD_1525,YR_016,7
SALE_896,ORD_1526,VY_006,6
SALE_897,ORD_1527,CT_013,4
SALE_898,ORD_1528,CT_003,7
SALE_899,ORD_1529,PT_024,8
SALE_899,ORD_1530,CT_027,9
SALE_899,ORD_1531,CT_017,9
SALE_900,ORD_1532,VY_010,8
SALE_900,ORD_1533,PT_024,5
SALE_900,ORD_1534,PT_016,1
SALE_901,ORD_1535,VY_011,5
SALE_901,ORD_1536,VY_001,7
SALE_902,ORD_1537,CT_013,1
SALE_902,ORD_1538,CT_027,7
SALE_903,ORD_1539,YR_016,8
SALE_904,ORD_1540,VY_007,8
SALE_904,ORD_1541,YR_008,5
SALE_905,ORD_1542,PT_002,5
SALE_906,ORD_1543,PT_024,2
SALE_907,ORD_1544,CT_016,2
SALE_907,ORD_1545,VY_012,8
SALE_907,ORD_1546,CT_020,3
SALE_907,ORD_1547,VY_002,6
SALE_908,ORD_1548,VY_006,2
SALE_908,ORD_1549,CT_012,1
SALE_908,ORD_1550,YR_010,3
SALE_909,ORD_1551,PT_003,7
SALE_910,ORD_1552,CT_016,2
SALE_911,ORD_1553,CT_008,6
SALE_911,ORD_1554,YR_011,3
SALE_911,ORD_1555,CT_032,7
SALE_911,ORD_1556,PT_030,6
SALE_912,ORD_1557,VY_004,3
SALE_912,ORD_1558,CT_015,4
SALE_913,ORD_1559,PT_022,3
SALE_913,ORD_1560,YR_005,2
SALE_913,ORD_1561,YR_005,4
SALE_913,ORD_1562,CT_027,9
SALE_914,ORD_1563,CT_025,2
SALE_914,ORD_1564,YR_012,10
SALE_915,ORD_1565,CT_006,9
SALE_915,ORD_1566,CT_029,7
SALE_915,ORD_1567,PT_030,5
SALE_915,ORD_1568,VY_009,1
SALE_916,ORD_1569,PT_026,2
SALE_917,ORD_1570,PT_012,1
SALE_918,ORD_1571,VY_003,6
SALE_919,ORD_1572,CT_016,9
SALE_919,ORD_1573,CT_024,7
SALE_919,ORD_1574,PT_030,4
SALE_920,ORD_1575,VY_018,8
SALE_921,ORD_1576,PT_031,5
SALE_922,ORD_1577,VY_003,4
SALE_923,ORD_1578,YR_011,6
SALE_924,ORD_1579,VY_005,3
SALE_924,ORD_1580,VY_027,7
SALE_925,ORD_1581,YR_012,6
SALE_926,ORD_1582,VY_027,6
SALE_926,ORD_1583,CT_034,9
SALE_927,ORD_1584,CT_021,10
SALE_927,ORD_1585,PT_008,8
SALE_928,ORD_1586,VY_021,10
SALE_929,ORD_1587,CT_010,6
SALE_930,ORD_1588,CT_033,7
SALE_931,ORD_1589,VY_008,1
SALE_932,ORD_1590,CT_022,3
SALE_933,ORD_1591,VY_016,7
SALE_934,ORD_1592,YR_001,10
SALE_935,ORD_1593,PT_018,10
SALE_935,ORD_1594,YR_008,6
SALE_935,ORD_1595,PT_027,8
SALE_935,ORD_1596,VY_003,6
SALE_936,ORD_1597,PT_005,2
SALE_936,ORD_1598,PT_013,1
SALE_937,ORD_1599,YR_014,10
SALE_938,ORD_1600,CT_004,4
SALE_939,ORD_1601,VY_002,5
SALE_939,ORD_1602,VY_026,3
SALE_940,ORD_1603,VY_009,8
SALE_940,ORD_1604,YR_014,10
SALE_940,ORD_1605,CT_025,3
SALE_940,ORD_1606,CT_037,10
SALE_940,ORD_1607,VY_026,1
SALE_941,ORD_1608,YR_011,1
SALE_941,ORD_1609,CT_037,8
SALE_941,ORD_1610,VY_009,6
SALE_941,ORD_1611,CT_012,6
SALE_942,ORD_1612,PT_002,4
SALE_942,ORD_1613,VY_001,3
SALE_943,ORD_1614,YR_014,7
SALE_944,ORD_1615,YR_010,6
SALE_945,ORD_1616,CT_017,4
SALE_946,ORD_1617,CT_035,7
SALE_947,ORD_1618,PT_006,7
SALE_948,ORD_1619,PT_031,10
SALE_948,ORD_1620,CT_012,1
SALE_949,ORD_1621,YR_011,1
SALE_949,ORD_1622,VY_003,5
SALE_950,ORD_1623,VY_026,3
SALE_950,ORD_1624,PT_009,3
SALE_950,ORD_1625,VY_002,9
SALE_951,ORD_1626,CT_007,7
SALE_952,ORD_1627,PT_016,7
SALE_953,ORD_1628,PT_029,8
SALE_953,ORD_1629,PT_014,5
SALE_953,ORD_1630,PT_024,6
SALE_953,ORD_1631,VY_025,3
SALE_954,ORD_1632,CT_019,3
SALE_955,ORD_1633,PT_009,1
SALE_955,ORD_1634,VY_005,9
SALE_956,ORD_1635,PT_021,2
SALE_957,ORD_1636,VY_018,5
SALE_958,ORD_1637,VY_022,10
SALE_959,ORD_1638,YR_017,5
SALE_959,ORD_1639,CT_009,3
SALE_960,ORD_1640,VY_004,10
SALE_961,ORD_1641,VY_022,7
SALE_961,ORD_1642,VY_026,5
SALE_961,ORD_1643,CT_012,3
SALE_961,ORD_1644,PT_008,4
SALE_962,ORD_1645,CT_023,2
SALE_962,ORD_1646,VY_019,5
SALE_962,ORD_1647,PT_023,1
SALE_963,ORD_1648,PT_021,7
SALE_964,ORD_1649,PT_001,3
SALE_964,ORD_1650,YR_019,2
SALE_964,ORD_1651,YR_016,6
SALE_965,ORD_1652,YR_007,7
SALE_966,ORD_1653,PT_031,6
SALE_966,ORD_1654,YR_008,10
SALE_967,ORD_1655,YR_001,2
SALE_968,ORD_1656,YR_002,9
SALE_968,ORD_1657,PT_001,5
SALE_969,ORD_1658,VY_004,7
SALE_970,ORD_1659,YR_012,8
SALE_971,ORD_1660,PT_011,7
SALE_972,ORD_1661,PT_010,2
SALE_973,ORD_1662,YR_012,1
SALE_974,ORD_1663,CT_017,5
SALE_974,ORD_1664,VY_001,5
SALE_975,ORD_1665,PT_024,10
SALE_976,ORD_1666,YR_019,2
SALE_977,ORD_1667,PT_021,7
SALE_977,ORD_1668,VY_006,9
SALE_977,ORD_1669,CT_023,10
SALE_978,ORD_1670,PT_024,4
SALE_979,ORD_1671,VY_003,2
SALE_979,ORD_1672,YR_014,7
SALE_980,ORD_1673,VY_007,7
SALE_980,ORD_1674,VY_007,6
SALE_981,ORD_1675,YR_016,6
SALE_982,ORD_1676,VY_004,9
SALE_983,ORD_1677,CT_018,2
SALE_984,ORD_1678,PT_011,7
SALE_985,ORD_1679,PT_012,7
SALE_986,ORD_1680,YR_008,4
SALE_986,ORD_1681,YR_004,4
SALE_987,ORD_1682,CT_011,5
SALE_987,ORD_1683,PT_015,7
SALE_988,ORD_1684,CT_022,2
SALE_988,ORD_1685,CT_009,8
SALE_989,ORD_1686,VY_011,9
SALE_990,ORD_1687,VY_019,8
SALE_990,ORD_1688,PT_031,5
SALE_990,ORD_1689,VY_022,2
SALE_991,ORD_1690,YR_007,8
SALE_991,ORD_1691,CT_009,6
SALE_991,ORD_1692,VY_019,7
SALE_992,ORD_1693,VY_021,6
SALE_993,ORD_1694,CT_026,9
SALE_993,ORD_1695,VY_025,5
SALE_994,ORD_1696,PT_024,3
SALE_994,ORD_1697,CT_004,5
SALE_994,ORD_1698,YR_016,2
SALE_994,ORD_1699,CT_006,4
SALE_995,ORD_1700,CT_018,4
SALE_995,ORD_1701,VY_027,3
SALE_995,ORD_1702,CT_013,9
SALE_996,ORD_1703,YR_008,7
SALE_997,ORD_1704,YR_013,6
SALE_998,ORD_1705,PT_014,5
SALE_998,ORD_1706,CT_015,3
SALE_999,ORD_1707,PT_015,5
SALE_999,ORD_1708,PT_001,2
SALE_999,ORD_1709,VY_011,2
SALE_999,ORD_1710,PT_016,2